Workbook

Sheet Dashboard
A1: PROGRAMA ALIMENTAR DA TILÁPIA
A5: PESO MÉDIO (g) | D5: 10 | E5: qual o peso médio do peixe hoje?
A6: QUANTIDADE DE PEIXES | D6: 1000 | E6: quantos peixes tem no tanque de cultivo?
A7: TEMPERATURA DA ÁGUA (ºC) | D7: 26 | E7: qual a temperatura média da água no atual período?

Sheet Tilápia
A1: PROGRAMA ALIMENTAR - TILÁPIA | T1: Quantidade inicial | V1: Correção | Z1: Temp | AA1: Referência | AB1: Quantidade por trato | AC1: Tratos | AD1: Tipo de ração
U2: 1000 | V2: =VLOOKUP(Z2,AB6:AC17,2,TRUE) -> 1 | Z2: =Dashboard!D7 -> 26 | AA2: =VLOOKUP(Dashboard!D5,Tilápia!$B$4:$T$36,17,TRUE) -> 162.91667 | AB2: =AA2*Dashboard!D6/1000 -> 162.91667 | AC2: =VLOOKUP(Dashboard!D5,Tilápia!$B$4:$T$36,16,TRUE) -> 6 | AD2: =IF(AND(Dashboard!D5<>"",Dashboard!D6<>"",Dashboard!D7<>""),IFERROR(VLOOKUP(Dashboard!D5,Tilápia!$B$4:$T$36,18,TRUE),""),"") -> Ração 40% 1,7 a 2 mm
A3: Tipo de ração | B3: P.M. inicial (g) | C3: P.M. final (g) | D3: Biomassa inicial (kg) | E3: Biomassa final (kg) | F3: Semana de cultivo | G3: Dias de cultivo | H3: Ganho de peso (g) | I3: GPD (g) | J3: %PV | K3: %PV base | L3: Qtd. de peixes | M3: Qtd. Final | N3: Consumo diário (kg) | O3: Consumo Semanal (kg) | P3: FCA | Q3: Tratos | R3: Consumo por trato (g) | S3: TIPO DE RAÇÃO | T3: Custo acumulado | AB3: =IFERROR(_xlfn.CONCAT(TEXT(AB2,"#.##0")," gramas de ração por trato"),"Dados incorretos") -> 163 gramas de ração por trato | AC3: =IF(AND(Dashboard!D5<>"",Dashboard!D6<>"",Dashboard!D7<>""),IFERROR(_xlfn.CONCAT(AC2," vezes ao dia"),""),"Preencha as células acima") -> 6 vezes ao dia
A4: 45% farelada | B4: 0.5 | C4: 1.5 | D4: =B4*L4/1000 -> 0.5 | E4: =C4*M4/1000*V$2 -> 1.5 | F4: 1 | G4: 7 | H4: =E4-D4 -> 1 | I4: =H4/7 -> 0.14285714 | J4: =K4 -> 0.15 | K4: 0.15 | L4: =U2 -> 1000 | M4: =L5 -> 1000 | N4: =(AVERAGE(D4:E4)*L4*J4/1000) -> 0.15 | O4: =N4*7 -> 1.05 | P4: =O4/(E4-D4) -> 1.05 | Q4: 6 | R4: =N4/Q4*1000 -> 25 | S4: Ração 45% 1 mm | T4: =O4*$Z$11 -> 6.468
A5: 45% farelada | B5: 1.5 | C5: 3 | D5: =E4 -> 1.5 | E5: =C5*M5/1000*V$2 -> 3 | F5: 2 | G5: 14 | H5: =E5-D5 -> 1.5 | I5: =H5/7 -> 0.21428571 | J5: =K5 -> 0.13 | K5: 0.13 | L5: =L4 -> 1000 | M5: =L6 -> 1000 | N5: =(AVERAGE(D5:E5)*L5*J5/1000) -> 0.2925 | O5: =N5*7 -> 2.0475 | P5: =O5/(E5-D5) -> 1.365 | Q5: 6 | R5: =N5/Q5*1000 -> 48.75 | S5: Ração 45% 1 mm | T5: =O5*$Z$11 -> 12.6126 | AB5: Temp | AC5: Referência
A6: 45% farelada | B6: 3 | C6: 5 | D6: =E5 -> 3 | E6: =C6*M6/1000*V$2 -> 5 | F6: 3 | G6: 21 | H6: =E6-D6 -> 2 | I6: =H6/7 -> 0.28571429 | J6: =K6 -> 0.11 | K6: 0.11 | L6: =L5 -> 1000 | M6: =L7 -> 1000 | N6: =(AVERAGE(D6:E6)*L6*J6/1000) -> 0.44 | O6: =N6*7 -> 3.08 | P6: =O6/(E6-D6) -> 1.54 | Q6: 6 | R6: =N6/Q6*1000 -> 73.333333 | S6: Ração 45% 1 mm | T6: =O6*$Z$11 -> 18.9728 | AB6: 21 | AC6: 0.8
A7: 40% 2mm | B7: 5 | C7: 9 | D7: =E6 -> 5 | E7: =C7*M7/1000*V$2 -> 9 | F7: 4 | G7: 28 | H7: =E7-D7 -> 4 | I7: =H7/7 -> 0.57142857 | J7: =K7 -> 0.09 | K7: 0.09 | L7: =L6 -> 1000 | M7: =L8 -> 1000 | N7: =(AVERAGE(D7:E7)*L7*J7/1000) -> 0.63 | O7: =N7*7 -> 4.41 | P7: =O7/(E7-D7) -> 1.1025 | Q7: 6 | R7: =N7/Q7*1000 -> 105 | S7: Ração 40% 1,7 a 2 mm | T7: =O7*$Z$12 -> 15.3468 | AB7: 22 | AC7: 0.8
A8: 40% 2mm | B8: 9 | C8: 14 | D8: =E7 -> 9 | E8: =C8*M8/1000*V$2 -> 14 | F8: 5 | G8: 35 | H8: =E8-D8 -> 5 | I8: =H8/7 -> 0.71428571 | J8: =K8 -> 0.085 | K8: 0.085 | L8: =L7 -> 1000 | M8: =L9 -> 1000 | N8: =(AVERAGE(D8:E8)*L8*J8/1000) -> 0.9775 | O8: =N8*7 -> 6.8425 | P8: =O8/(E8-D8) -> 1.3685 | Q8: 6 | R8: =N8/Q8*1000 -> 162.91667 | S8: Ração 40% 1,7 a 2 mm | T8: =O8*$Z$12 -> 23.8119 | AB8: 23 | AC8: 0.85
A9: 40% 2mm | B9: 14 | C9: 21 | D9: =E8 -> 14 | E9: =C9*M9/1000*V$2 -> 21 | F9: 6 | G9: 42 | H9: =E9-D9 -> 7 | I9: =H9/7 -> 1 | J9: =K9 -> 0.07 | K9: 0.07 | L9: =L8 -> 1000 | M9: =L10 -> 1000 | N9: =(AVERAGE(D9:E9)*L9*J9/1000) -> 1.225 | O9: =N9*7 -> 8.575 | P9: =O9/(E9-D9) -> 1.225 | Q9: 6 | R9: =N9/Q9*1000 -> 204.16667 | S9: Ração 40% 1,7 a 2 mm | T9: =O9*$Z$12 -> 29.841 | Y9: Preço saco | Z9: Preço kg | AB9: 24 | AC9: 0.85
A10: 40% 2mm | B10: 21 | C10: 31 | D10: =E9 -> 21 | E10: =C10*M10/1000*V$2 -> 31 | F10: 7 | G10: 49 | H10: =E10-D10 -> 10 | I10: =H10/7 -> 1.4285714 | J10: =K10 -> 0.068 | K10: 0.068 | L10: =L9 -> 1000 | M10: =L11 -> 1000 | N10: =(AVERAGE(D10:E10)*L10*J10/1000) -> 1.768 | O10: =N10*7 -> 12.376 | P10: =O10/(E10-D10) -> 1.2376 | Q10: 6 | R10: =N10/Q10*1000 -> 294.66667 | S10: Ração 40% 1,7 a 2 mm | T10: =O10*$Z$12 -> 43.06848 | X10: 0,8mm | Y10: 197 | Z10: =Y10/25 -> 7.88 | AB10: 25 | AC10: 0.9
A11: 35% 4mm | B11: 31 | C11: 45 | D11: =E10 -> 31 | E11: =C11*M11/1000*V$2 -> 45 | F11: 8 | G11: 56 | H11: =E11-D11 -> 14 | I11: =H11/7 -> 2 | J11: =K11 -> 0.063 | K11: 0.063 | L11: =L10 -> 1000 | M11: =L12 -> 1000 | N11: =(AVERAGE(D11:E11)*L11*J11/1000) -> 2.394 | O11: =N11*7 -> 16.758 | P11: =O11/(E11-D11) -> 1.197 | Q11: 6 | R11: =N11/Q11*1000 -> 399 | S11: Ração 35% 4 a 6 mm | T11: =O11*$Z$14 -> 38.87856 | X11: 1,2mm | Y11: 154 | Z11: =Y11/25 -> 6.16 | AB11: 26 | AC11: 1
A12: 35% 4mm | B12: 45 | C12: 65 | D12: =E11 -> 45 | E12: =C12*M12/1000*V$2 -> 65 | F12: 9 | G12: 63 | H12: =E12-D12 -> 20 | I12: =H12/7 -> 2.8571429 | J12: =K12 -> 0.058 | K12: 0.058 | L12: =L11 -> 1000 | M12: =L13 -> 1000 | N12: =(AVERAGE(D12:E12)*L12*J12/1000) -> 3.19 | O12: =N12*7 -> 22.33 | P12: =O12/(E12-D12) -> 1.1165 | Q12: 6 | R12: =N12/Q12*1000 -> 531.66667 | S12: Ração 35% 4 a 6 mm | T12: =O12*$Z$14 -> 51.8056 | X12: 1,7mm | Y12: 87 | Z12: =Y12/25 -> 3.48 | AB12: 27 | AC12: 1
A13: 35% 4mm | B13: 65 | C13: 90 | D13: =E12 -> 65 | E13: =C13*M13/1000*V$2 -> 90 | F13: 10 | G13: 70 | H13: =E13-D13 -> 25 | I13: =H13/7 -> 3.5714286 | J13: =K13 -> 0.055 | K13: 0.055 | L13: =L12 -> 1000 | M13: =L14 -> 1000 | N13: =(AVERAGE(D13:E13)*L13*J13/1000) -> 4.2625 | O13: =N13*7 -> 29.8375 | P13: =O13/(E13-D13) -> 1.1935 | Q13: 6 | R13: =N13/Q13*1000 -> 710.41667 | S13: Ração 35% 4 a 6 mm | T13: =O13*$Z$14 -> 69.223 | X13: 2-4mm | Y13: 69 | Z13: =Y13/25 -> 2.76 | AB13: 28 | AC13: 1
A14: 35% 4mm | B14: 90 | C14: 120 | D14: =E13 -> 90 | E14: =C14*M14/1000*V$2 -> 120 | F14: 11 | G14: 77 | H14: =E14-D14 -> 30 | I14: =H14/7 -> 4.2857143 | J14: =K14 -> 0.052 | K14: 0.052 | L14: =L13 -> 1000 | M14: =L15 -> 1000 | N14: =(AVERAGE(D14:E14)*L14*J14/1000) -> 5.46 | O14: =N14*7 -> 38.22 | P14: =O14/(E14-D14) -> 1.274 | Q14: 3 | R14: =N14/Q14*1000 -> 1820 | S14: Ração 35% 4 a 6 mm | T14: =O14*$Z$14 -> 88.6704 | X14: 4-6mm | Y14: 58 | Z14: =Y14/25 -> 2.32 | AB14: 29 | AC14: 1
A15: 35% 4mm | B15: 120 | C15: 152 | D15: =E14 -> 120 | E15: =C15*M15/1000*V$2 -> 152 | F15: 12 | G15: 84 | H15: =E15-D15 -> 32 | I15: =H15/7 -> 4.5714286 | J15: =K15 -> 0.05 | K15: 0.05 | L15: =L14 -> 1000 | M15: =L16 -> 1000 | N15: =(AVERAGE(D15:E15)*L15*J15/1000) -> 6.8 | O15: =N15*7 -> 47.6 | P15: =O15/(E15-D15) -> 1.4875 | Q15: 3 | R15: =N15/Q15*1000 -> 2266.6667 | S15: Ração 35% 4 a 6 mm | T15: =O15*$Z$14 -> 110.432 | X15: 6-8mm | Y15: 48 | Z15: =Y15/25 -> 1.92 | AB15: 30 | AC15: 1
A16: 32% C 6-8mm | B16: 152 | C16: 190 | D16: =E15 -> 152 | E16: =C16*M16/1000*V$2 -> 190 | F16: 13 | G16: 91 | H16: =E16-D16 -> 38 | I16: =H16/7 -> 5.4285714 | J16: =K16 -> 0.043 | K16: 0.043 | L16: =L15 -> 1000 | M16: =L17 -> 1000 | N16: =(AVERAGE(D16:E16)*L16*J16/1000) -> 7.353 | O16: =N16*7 -> 51.471 | P16: =O16/(E16-D16) -> 1.3545 | Q16: 3 | R16: =N16/Q16*1000 -> 2451 | S16: Ração 32% Crescimento 6 a 8 mm | T16: =O16*$Z$15 -> 98.82432 | AB16: 31 | AC16: 1
A17: 32% C 6-8mm | B17: 190 | C17: 231 | D17: =E16 -> 190 | E17: =C17*M17/1000*V$2 -> 231 | F17: 14 | G17: 98 | H17: =E17-D17 -> 41 | I17: =H17/7 -> 5.8571429 | J17: =K17 -> 0.036 | K17: 0.036 | L17: =L16 -> 1000 | M17: =L18 -> 1000 | N17: =(AVERAGE(D17:E17)*L17*J17/1000) -> 7.578 | O17: =N17*7 -> 53.046 | P17: =O17/(E17-D17) -> 1.2938049 | Q17: 3 | R17: =N17/Q17*1000 -> 2526 | S17: Ração 32% Crescimento 6 a 8 mm | T17: =O17*$Y$15/25 -> 101.84832 | AB17: 32 | AC17: 0.9
A18: 32% C 6-8mm | B18: 231 | C18: 273 | D18: =E17 -> 231 | E18: =C18*M18/1000*V$2 -> 273 | F18: 15 | G18: 105 | H18: =E18-D18 -> 42 | I18: =H18/7 -> 6 | J18: =K18 -> 0.033 | K18: 0.033 | L18: =L17 -> 1000 | M18: =L19 -> 1000 | N18: =(AVERAGE(D18:E18)*L18*J18/1000) -> 8.316 | O18: =N18*7 -> 58.212 | P18: =O18/(E18-D18) -> 1.386 | Q18: 3 | R18: =N18/Q18*1000 -> 2772 | S18: Ração 32% Crescimento 6 a 8 mm | T18: =O18*$Y$15/25 -> 111.76704
A19: 32% C 6-8mm | B19: 273 | C19: 316 | D19: =E18 -> 273 | E19: =C19*M19/1000*V$2 -> 316 | F19: 16 | G19: 112 | H19: =E19-D19 -> 43 | I19: =H19/7 -> 6.1428571 | J19: =K19 -> 0.031 | K19: 0.031 | L19: =L18 -> 1000 | M19: =L20 -> 1000 | N19: =(AVERAGE(D19:E19)*L19*J19/1000) -> 9.1295 | O19: =N19*7 -> 63.9065 | P19: =O19/(E19-D19) -> 1.4861977 | Q19: 3 | R19: =N19/Q19*1000 -> 3043.1667 | S19: Ração 32% Crescimento 6 a 8 mm | T19: =O19*$Y$15/25 -> 122.70048 | AB19: 1º Trato 7:00 | AC19: 1º Trato 8:00
A20: 32% C 6-8mm | B20: 316 | C20: 360 | D20: =E19 -> 316 | E20: =C20*M20/1000*V$2 -> 360 | F20: 17 | G20: 119 | H20: =E20-D20 -> 44 | I20: =H20/7 -> 6.2857143 | J20: =K20 -> 0.029 | K20: 0.029 | L20: =L19 -> 1000 | M20: =L21 -> 1000 | N20: =(AVERAGE(D20:E20)*L20*J20/1000) -> 9.802 | O20: =N20*7 -> 68.614 | P20: =O20/(E20-D20) -> 1.5594091 | Q20: 3 | R20: =N20/Q20*1000 -> 3267.3333 | S20: Ração 32% Crescimento 6 a 8 mm | T20: =O20*$Y$15/25 -> 131.73888 | AB20: 2º Trato 9:00 | AC20: 2º Trato 11:00
A21: 32% C 6-8mm | B21: 360 | C21: 405 | D21: =E20 -> 360 | E21: =C21*M21/1000*V$2 -> 405 | F21: 18 | G21: 126 | H21: =E21-D21 -> 45 | I21: =H21/7 -> 6.4285714 | J21: =K21 -> 0.027 | K21: 0.027 | L21: =L20 -> 1000 | M21: =L22 -> 1000 | N21: =(AVERAGE(D21:E21)*L21*J21/1000) -> 10.3275 | O21: =N21*7 -> 72.2925 | P21: =O21/(E21-D21) -> 1.6065 | Q21: 3 | R21: =N21/Q21*1000 -> 3442.5 | S21: Ração 32% Crescimento 6 a 8 mm | T21: =O21*$Y$15/25 -> 138.8016 | AB21: 3º Trato 11:00 | AC21: 3º Trato 16:00
A22: 32% C 6-8mm | B22: 405 | C22: 451 | D22: =E21 -> 405 | E22: =C22*M22/1000*V$2 -> 451 | F22: 19 | G22: 133 | H22: =E22-D22 -> 46 | I22: =H22/7 -> 6.5714286 | J22: =K22 -> 0.025 | K22: 0.025 | L22: =L21 -> 1000 | M22: =L23 -> 1000 | N22: =(AVERAGE(D22:E22)*L22*J22/1000) -> 10.7 | O22: =N22*7 -> 74.9 | P22: =O22/(E22-D22) -> 1.6282609 | Q22: 3 | R22: =N22/Q22*1000 -> 3566.6667 | S22: Ração 32% Crescimento 6 a 8 mm | T22: =O22*$Y$15/25 -> 143.808 | AB22: 4º Trato 13:00
A23: 32% C 6-8mm | B23: 451 | C23: 498 | D23: =E22 -> 451 | E23: =C23*M23/1000*V$2 -> 498 | F23: 20 | G23: 140 | H23: =E23-D23 -> 47 | I23: =H23/7 -> 6.7142857 | J23: =K23 -> 0.023 | K23: 0.023 | L23: =L22 -> 1000 | M23: =L24 -> 1000 | N23: =(AVERAGE(D23:E23)*L23*J23/1000) -> 10.9135 | O23: =N23*7 -> 76.3945 | P23: =O23/(E23-D23) -> 1.6254149 | Q23: 3 | R23: =N23/Q23*1000 -> 3637.8333 | S23: Ração 32% Crescimento 6 a 8 mm | T23: =O23*$Y$15/25 -> 146.67744 | AB23: 5º Trato 15:00
A24: 32% C 6-8mm | B24: 498 | C24: 546 | D24: =E23 -> 498 | E24: =C24*M24/1000*V$2 -> 546 | F24: 21 | G24: 147 | H24: =E24-D24 -> 48 | I24: =H24/7 -> 6.8571429 | J24: =K24 -> 0.022 | K24: 0.022 | L24: =L23 -> 1000 | M24: =L25 -> 1000 | N24: =(AVERAGE(D24:E24)*L24*J24/1000) -> 11.484 | O24: =N24*7 -> 80.388 | P24: =O24/(E24-D24) -> 1.67475 | Q24: 3 | R24: =N24/Q24*1000 -> 3828 | S24: Ração 32% Crescimento 6 a 8 mm | T24: =O24*$Y$15/25 -> 154.34496 | AB24: 6º Trato 17:00
A25: 32% C 6-8mm | B25: 546 | C25: 595 | D25: =E24 -> 546 | E25: =C25*M25/1000*V$2 -> 595 | F25: 22 | G25: 154 | H25: =E25-D25 -> 49 | I25: =H25/7 -> 7 | J25: =K25 -> 0.02 | K25: 0.02 | L25: =L24 -> 1000 | M25: =L26 -> 1000 | N25: =(AVERAGE(D25:E25)*L25*J25/1000) -> 11.41 | O25: =N25*7 -> 79.87 | P25: =O25/(E25-D25) -> 1.63 | Q25: 3 | R25: =N25/Q25*1000 -> 3803.3333 | S25: Ração 32% Crescimento 6 a 8 mm | T25: =O25*$Y$15/25 -> 153.3504
A26: 32% C 6-8mm | B26: 595 | C26: 645 | D26: =E25 -> 595 | E26: =C26*M26/1000*V$2 -> 645 | F26: 23 | G26: 161 | H26: =E26-D26 -> 50 | I26: =H26/7 -> 7.1428571 | J26: =K26 -> 0.019 | K26: 0.019 | L26: =L25 -> 1000 | M26: =L27 -> 1000 | N26: =(AVERAGE(D26:E26)*L26*J26/1000) -> 11.78 | O26: =N26*7 -> 82.46 | P26: =O26/(E26-D26) -> 1.6492 | Q26: 3 | R26: =N26/Q26*1000 -> 3926.6667 | S26: Ração 32% Crescimento 6 a 8 mm | T26: =O26*$Y$15/25 -> 158.3232
A27: 32% C 6-8mm | B27: 645 | C27: 696 | D27: =E26 -> 645 | E27: =C27*M27/1000*V$2 -> 696 | F27: 24 | G27: 168 | H27: =E27-D27 -> 51 | I27: =H27/7 -> 7.2857143 | J27: =K27 -> 0.018 | K27: 0.018 | L27: =L26 -> 1000 | M27: =L28 -> 1000 | N27: =(AVERAGE(D27:E27)*L27*J27/1000) -> 12.069 | O27: =N27*7 -> 84.483 | P27: =O27/(E27-D27) -> 1.6565294 | Q27: 3 | R27: =N27/Q27*1000 -> 4023 | S27: Ração 32% Crescimento 6 a 8 mm | T27: =O27*$Y$15/25 -> 162.20736
A28: 32% C 6-8mm | B28: 696 | C28: 748 | D28: =E27 -> 696 | E28: =C28*M28/1000*V$2 -> 748 | F28: 25 | G28: 175 | H28: =E28-D28 -> 52 | I28: =H28/7 -> 7.4285714 | J28: =K28 -> 0.017 | K28: 0.017 | L28: =L27 -> 1000 | M28: =L29 -> 1000 | N28: =(AVERAGE(D28:E28)*L28*J28/1000) -> 12.274 | O28: =N28*7 -> 85.918 | P28: =O28/(E28-D28) -> 1.6522692 | Q28: 3 | R28: =N28/Q28*1000 -> 4091.3333 | S28: Ração 32% Crescimento 6 a 8 mm | T28: =O28*$Y$15/25 -> 164.96256
A29: 32% C 6-8mm | B29: 748 | C29: 801 | D29: =E28 -> 748 | E29: =C29*M29/1000*V$2 -> 801 | F29: 26 | G29: 182 | H29: =E29-D29 -> 53 | I29: =H29/7 -> 7.5714286 | J29: =K29 -> 0.016 | K29: 0.016 | L29: =L28 -> 1000 | M29: =L30 -> 1000 | N29: =(AVERAGE(D29:E29)*L29*J29/1000) -> 12.392 | O29: =N29*7 -> 86.744 | P29: =O29/(E29-D29) -> 1.6366792 | Q29: 3 | R29: =N29/Q29*1000 -> 4130.6667 | S29: Ração 32% Crescimento 6 a 8 mm | T29: =O29*$Y$15/25 -> 166.54848
A30: 32% T 8-10mm | B30: 801 | C30: 854 | D30: =E29 -> 801 | E30: =C30*M30/1000*V$2 -> 854 | F30: 27 | G30: 189 | H30: =E30-D30 -> 53 | I30: =H30/7 -> 7.5714286 | J30: =K30 -> 0.015 | K30: 0.015 | L30: =L29 -> 1000 | M30: =L31 -> 1000 | N30: =(AVERAGE(D30:E30)*L30*J30/1000) -> 12.4125 | O30: =N30*7 -> 86.8875 | P30: =O30/(E30-D30) -> 1.6393868 | Q30: 3 | R30: =N30/Q30*1000 -> 4137.5 | S30: Ração Terminação 32% 6 a 8 mm | T30: =O30*$Y$15/25 -> 166.824
A31: 32% T 8-10mm | B31: 854 | C31: 908 | D31: =E30 -> 854 | E31: =C31*M31/1000*V$2 -> 908 | F31: 28 | G31: 196 | H31: =E31-D31 -> 54 | I31: =H31/7 -> 7.7142857 | J31: =K31 -> 0.015 | K31: 0.015 | L31: =L30 -> 1000 | M31: =L32 -> 1000 | N31: =(AVERAGE(D31:E31)*L31*J31/1000) -> 13.215 | O31: =N31*7 -> 92.505 | P31: =O31/(E31-D31) -> 1.7130556 | Q31: 3 | R31: =N31/Q31*1000 -> 4405 | S31: Ração Terminação 32% 6 a 8 mm | T31: =O31*$Y$15/25 -> 177.6096
A32: 32% T 8-10mm | B32: 908 | C32: 963 | D32: =E31 -> 908 | E32: =C32*M32/1000*V$2 -> 963 | F32: 29 | G32: 203 | H32: =E32-D32 -> 55 | I32: =H32/7 -> 7.8571429 | J32: =K32 -> 0.014 | K32: 0.014 | L32: =L31 -> 1000 | M32: =L33 -> 1000 | N32: =(AVERAGE(D32:E32)*L32*J32/1000) -> 13.097 | O32: =N32*7 -> 91.679 | P32: =O32/(E32-D32) -> 1.6668909 | Q32: 3 | R32: =N32/Q32*1000 -> 4365.6667 | S32: Ração Terminação 32% 6 a 8 mm | T32: =O32*$Y$15/25 -> 176.02368
A33: 32% T 8-10mm | B33: 963 | C33: 1019 | D33: =E32 -> 963 | E33: =C33*M33/1000*V$2 -> 1019 | F33: 30 | G33: 210 | H33: =E33-D33 -> 56 | I33: =H33/7 -> 8 | J33: =K33 -> 0.013 | K33: 0.013 | L33: =L32 -> 1000 | M33: =L34 -> 1000 | N33: =(AVERAGE(D33:E33)*L33*J33/1000) -> 12.883 | O33: =N33*7 -> 90.181 | P33: =O33/(E33-D33) -> 1.610375 | Q33: 3 | R33: =N33/Q33*1000 -> 4294.3333 | S33: Ração Terminação 32% 6 a 8 mm | T33: =O33*$Y$15/25 -> 173.14752
A34: 32% T 8-10mm | B34: 1019 | C34: 1076 | D34: =E33 -> 1019 | E34: =C34*M34/1000*V$2 -> 1076 | F34: 31 | G34: 217 | H34: =E34-D34 -> 57 | I34: =H34/7 -> 8.1428571 | J34: =K34 -> 0.012 | K34: 0.012 | L34: =L33 -> 1000 | M34: =L35 -> 1000 | N34: =(AVERAGE(D34:E34)*L34*J34/1000) -> 12.57 | O34: =N34*7 -> 87.99 | P34: =O34/(E34-D34) -> 1.5436842 | Q34: 3 | R34: =N34/Q34*1000 -> 4190 | S34: Ração Terminação 32% 6 a 8 mm | T34: =O34*$Y$15/25 -> 168.9408
A35: 32% T 8-10mm | B35: 1076 | C35: 1134 | D35: =E34 -> 1076 | E35: =C35*M35/1000*V$2 -> 1134 | F35: 32 | G35: 224 | H35: =E35-D35 -> 58 | I35: =H35/7 -> 8.2857143 | J35: =K35 -> 0.011 | K35: 0.011 | L35: =L34 -> 1000 | M35: =L36 -> 1000 | N35: =(AVERAGE(D35:E35)*L35*J35/1000) -> 12.155 | O35: =N35*7 -> 85.085 | P35: =O35/(E35-D35) -> 1.4669828 | Q35: 3 | R35: =N35/Q35*1000 -> 4051.6667 | S35: Ração Terminação 32% 6 a 8 mm | T35: =O35*$Y$15/25 -> 163.3632
A36: 32% T 8-10mm | B36: 1134 | C36: 1194 | D36: =E35 -> 1134 | E36: =C36*M36/1000*V$2 -> 1194 | F36: 33 | G36: 231 | H36: =E36-D36 -> 60 | I36: =H36/7 -> 8.5714286 | J36: =K36 -> 0.011 | K36: 0.011 | L36: =L35 -> 1000 | M36: 1000 | N36: =(AVERAGE(D36:E36)*L36*J36/1000) -> 12.804 | O36: =N36*7 -> 89.628 | P36: =O36/(E36-D36) -> 1.4938 | Q36: 3 | R36: =N36/Q36*1000 -> 4268 | S36: Ração Terminação 32% 6 a 8 mm | T36: =O36*$Y$15/25 -> 172.08576
W37: 45 | X37: 65 | AA37: 55
W38: =AVERAGE(W37:X37) -> 55 | X38: =W38*5.8% -> 3.19 | Z38: =2.61/45 -> 0.058
Z39: =Z38/5.8% -> 1 | AB39: =2.61/6 -> 0.435
